"","Model","Protected_Var","Group","Reference_Group","Group_Status","n_group","n_reference","events_group","events_reference","prevalence_group","prevalence_reference","AUC_group","AUC_reference","AUC_parity_group_over_reference","PR_AUC_group","PR_AUC_reference","PR_AUC_parity_group_over_reference","ECE_group","ECE_reference","ECE_parity_group_over_reference","xAUC_group_positive_vs_reference_negative","xAUC_reference_positive_vs_group_negative","xAUC_parity_group_over_reference","xAUC_abs_gap"
"1","M1_ALC_related_vs_non_ALC","Sex","F","M","Equity-seeking/comparison",31789,30080,10294,8080,0.323822705967473,0.268617021276596,0.854310419514155,0.861951046354635,0.991135660345453,0.737490196111562,0.703021428739862,1.04902946903551,0.123184138989166,0.121151543007257,1.01677730164598,0.881689744246428,0.831668917938549,1.06014511932448,0.0500208263078789
"2","M1_ALC_related_vs_non_ALC","Age",">80","<80","Equity-seeking/comparison",29299,32570,10279,8095,0.350831086385201,0.248541602701873,0.833071193818643,0.877389417419926,0.949488536422508,0.735472071303149,0.705762110323158,1.04209628222516,0.133322829780198,0.112186472774176,1.18840379310764,0.893353739155598,0.81133878125753,1.10108595791631,0.0820149578980677
"3","M1_ALC_related_vs_non_ALC","Income","1","0","Equity-seeking/comparison",13513,48356,4366,14008,0.323096277658551,0.289684837455538,0.853583859415168,0.860099216624921,0.992424877172521,0.736678433436598,0.718326739989308,1.02554783558185,0.125448083912657,0.121287100878344,1.03430688840099,0.87007795797171,0.842647163403854,1.03255312040338,0.0274307945678554
"4","M1_ALC_related_vs_non_ALC","Region","east","central","Equity-seeking/comparison",13304,11928,3546,3317,0.266536380036079,0.278085177733065,0.867019953951619,0.857519532388532,1.01107895646018,0.718490505595969,0.699400306349495,1.02729509706125,0.119669304821666,0.121741681680003,0.982977261117641,0.854187540523693,0.870403715652897,0.981369363621064,0.0162161751292041
"5","M1_ALC_related_vs_non_ALC","Region","west","central","Equity-seeking/comparison",19768,11928,5994,3317,0.303217320922703,0.278085177733065,0.854632147756875,0.857519532388532,0.996632864299179,0.715362952077642,0.699400306349495,1.0228233324796,0.122745346489323,0.121741681680003,1.0082442167339,0.864360780088725,0.847237101407759,1.02021120020891,0.0171236786809659
"6","M1_ALC_related_vs_non_ALC","Region","Toronto","central","Equity-seeking/comparison",11513,11928,3502,3317,0.304177885868149,0.278085177733065,0.853966929110394,0.857519532388532,0.995857116783985,0.711623152207069,0.699400306349495,1.01747618030277,0.124448295772779,0.121741681680003,1.02223243555884,0.865124801190301,0.845586338982873,1.02310640712447,0.0195384622074279
"7","M1_ALC_related_vs_non_ALC","Region","northeast","central","Equity-seeking/comparison",3918,11928,1356,3317,0.346094946401225,0.278085177733065,0.848292436080772,0.857519532388532,0.989239782932922,0.759067680920078,0.699400306349495,1.08531219393085,0.131862430094141,0.121741681680003,1.08313297692683,0.878986677190354,0.821838954671803,1.06953640028097,0.0571477225185509
"8","M1_ALC_related_vs_non_ALC","Region","northwest","central","Equity-seeking/comparison",1432,11928,656,3317,0.458100558659218,0.278085177733065,0.876363307769676,0.857519532388532,1.02197474771059,0.859491160156989,0.699400306349495,1.22889731725038,0.097652219580862,0.121741681680003,0.802126422382925,0.914360106613492,0.802390605720608,1.1395448801302,0.111969500892884
"9","M1_ALC_related_vs_non_ALC","Rurality","Y","N","Equity-seeking/comparison",9328,52541,2571,15803,0.275621783876501,0.30077463314364,0.855137507542922,0.859280853991001,0.995178123160972,0.706891947333034,0.725163986007089,0.974802887310131,0.122888886607268,0.12207288543637,1.00668454069862,0.841856319451842,0.872128660572548,0.965289133944031,0.0302723411207054
"10","M1_ALC_related_vs_non_ALC","Residential_Instability","1","0","Equity-seeking/comparison",23089,38780,7162,11212,0.310191000043311,0.289118102114492,0.85410331804454,0.861548524697546,0.991358343216223,0.731128928510954,0.717189309903465,1.01943645619783,0.124592195775747,0.12076920576892,1.03165533781966,0.865440180675627,0.849915981945901,1.01826556866737,0.0155241987297253
"11","M1_ALC_related_vs_non_ALC","Ethnic_minority","1","0","Equity-seeking/comparison",10355,51514,2897,15477,0.279768227909223,0.300442598128664,0.862097704572831,0.858132064302422,1.0046212470497,0.70705149253869,0.725540357130737,0.97451711071571,0.119827863880424,0.122671923700414,0.976815723319578,0.849954188820375,0.869743540935049,0.977246911091287,0.0197893521146744
"12","M2a_ALC_high_need_vs_ALC_community_return","Sex","F","M","Equity-seeking/comparison",10294,8080,5854,5092,0.568680784923256,0.63019801980198,0.674812517505548,0.654207889426257,1.03149553591804,0.735708752350739,0.76471456256261,0.962069755655403,0.0822805453660755,0.0908300331694694,0.905873778693415,0.555677498743408,0.763256087981147,0.728035462138539,0.207578589237739
"13","M2a_ALC_high_need_vs_ALC_community_return","Age",">80","<80","Equity-seeking/comparison",10279,8095,6215,4731,0.604630800661543,0.584434836318715,0.663954958792862,0.677456367808049,0.980070437511907,0.755272869237316,0.745005816345446,1.01378117145747,0.0800927938234332,0.093325510841708,0.858209005244888,0.724171603548241,0.612524122598974,1.18227442288402,0.111647480949267
"14","M2a_ALC_high_need_vs_ALC_community_return","Income","1","0","Equity-seeking/comparison",4366,14008,2599,8347,0.595281722400366,0.595873786407767,0.642519553360931,0.678693471588418,0.946700653915492,0.730376091247144,0.757385485771161,0.964338642565197,0.0776039876604206,0.0885154788584595,0.876727874731527,0.681799944932824,0.638492498787557,1.06782765064195,0.0433074461452669
"15","M2a_ALC_high_need_vs_ALC_community_return","Region","west","central","Equity-seeking/comparison",5994,3317,3594,1859,0.5995995995996,0.560446186312933,0.666815757744389,0.66220979611293,1.00695544170215,0.750842610677372,0.712493728112067,1.05382346686324,0.0867430564293774,0.081413866871443,1.06545800810996,0.71860451003158,0.606427738927739,1.18497961736082,0.112176771103841
"16","M2a_ALC_high_need_vs_ALC_community_return","Region","east","central","Equity-seeking/comparison",3546,3317,2068,1859,0.583192329385223,0.560446186312933,0.671383057244486,0.66220979611293,1.01385249989565,0.741887908052342,0.712493728112067,1.04125535254628,0.0710887187027175,0.081413866871443,0.873177032789395,0.720710188302781,0.608995407631819,1.18344108883412,0.111714780670962
"17","M2a_ALC_high_need_vs_ALC_community_return","Region","northwest","central","Equity-seeking/comparison",656,3317,389,1859,0.592987804878049,0.560446186312933,0.665183944234232,0.66220979611293,1.00449124754535,0.756794695731356,0.712493728112067,1.06217734398403,0.10072174691809,0.081413866871443,1.23715714274001,0.703931151946005,0.620117134378154,1.13515836431757,0.0838140175678506
"18","M2a_ALC_high_need_vs_ALC_community_return","Region","Toronto","central","Equity-seeking/comparison",3502,3317,2157,1859,0.615933752141633,0.560446186312933,0.68544912130127,0.66220979611293,1.03509359922603,0.779132727126132,0.712493728112067,1.09352924297403,0.0945597089034416,0.081413866871443,1.16146932380397,0.735845522886853,0.606106332900728,1.21405351329232,0.129739189986124
"19","M2a_ALC_high_need_vs_ALC_community_return","Region","northeast","central","Equity-seeking/comparison",1356,3317,877,1859,0.646755162241888,0.560446186312933,0.640442483985308,0.66220979611293,0.967129280999174,0.767884383825948,0.712493728112067,1.07774195551258,0.110877298685367,0.081413866871443,1.36189697094782,0.748669316303085,0.541221906405783,1.38329455523141,0.207447409897302
"20","M2a_ALC_high_need_vs_ALC_community_return","Rurality","Y","N","Equity-seeking/comparison",2571,15803,1616,9330,0.628549202644885,0.590394228943871,0.661478798403401,0.670751024661927,0.986176351704867,0.773312127633842,0.746503094788657,1.03591282210662,0.089219159460339,0.0853864063153936,1.04488715839367,0.726953583277376,0.598792051761194,1.21403345475149,0.128161531516182
"21","M2a_ALC_high_need_vs_ALC_community_return","Residential_Instability","1","0","Equity-seeking/comparison",7162,11212,4323,6623,0.603602345713488,0.590706386014984,0.678138029366421,0.664552239702191,1.02044352400395,0.764035927696993,0.741553582808549,1.03031789665596,0.0882185723722608,0.0848024938720588,1.04028275990746,0.688062155895125,0.654090687096644,1.05193694004309,0.0339714687984816
"22","M2a_ALC_high_need_vs_ALC_community_return","Ethnic_minority","1","0","Equity-seeking/comparison",2897,15477,1722,9224,0.594408008284432,0.595981133294566,0.679695554402353,0.668064359463052,1.01741029105137,0.754973236703725,0.749842347425741,1.00684262404704,0.0814290782108086,0.0868001421206992,0.93812148484248,0.67735524114511,0.670582661327527,1.01009954507946,0.00677257981758306
"23","M2b_non_ALC_high_need_vs_non_ALC_community_return","Sex","F","M","Equity-seeking/comparison",21495,22000,10001,9941,0.465270993254245,0.451863636363636,0.889002329974067,0.870331656332858,1.02145236646898,0.881413036833528,0.848027578802427,1.03936836355988,0.0261233468002755,0.0233500399383657,1.11877096866773,0.882505024230142,0.877856865511739,1.0052948936222,0.00464815871840252
"24","M2b_non_ALC_high_need_vs_non_ALC_community_return","Age",">80","<80","Equity-seeking/comparison",19020,24475,10743,9199,0.564826498422713,0.37585291113381,0.857955456068165,0.886555694246056,0.967740054726947,0.891543366556466,0.831044671173083,1.0727983675029,0.0238147141516651,0.0254245701716566,0.936681091986124,0.926339540606369,0.792887148343588,1.16831196285824,0.133452392262782
"25","M2b_non_ALC_high_need_vs_non_ALC_community_return","Income","1","0","Equity-seeking/comparison",9147,34348,4477,15465,0.489450092926643,0.450244555723768,0.870229089053306,0.882202979502533,0.986427284052045,0.869918424859725,0.864505314453843,1.00626151200621,0.0232190578029343,0.0251204581458171,0.924308691670921,0.887644489051238,0.864045454576923,1.02731226042485,0.0235990344743144
"26","M2b_non_ALC_high_need_vs_non_ALC_community_return","Region","east","central","Equity-seeking/comparison",9758,8611,4555,3640,0.466796474687436,0.422715131808152,0.880419786524409,0.881878134940899,0.998346315257507,0.869071723180351,0.850569770169748,1.02175242250487,0.0300194781988927,0.0287791175196642,1.04309932986586,0.897260400112088,0.863387880618325,1.03923209979448,0.0338725194937635
"27","M2b_non_ALC_high_need_vs_non_ALC_community_return","Region","west","central","Equity-seeking/comparison",13774,8611,6153,3640,0.446711195005082,0.422715131808152,0.872926973725781,0.881878134940899,0.989849888708583,0.854225600164963,0.850569770169748,1.00429809537492,0.0261782068627592,0.0287791175196642,0.909625072585081,0.883053058298835,0.871698105725792,1.01302624440555,0.0113549525730429
"28","M2b_non_ALC_high_need_vs_non_ALC_community_return","Region","Toronto","central","Equity-seeking/comparison",8011,8611,4089,3640,0.510423168143802,0.422715131808152,0.889334440269531,0.881878134940899,1.00845502913975,0.894870276654073,0.850569770169748,1.05208333053676,0.0142782560430073,0.0287791175196642,0.496132518074999,0.906332000732643,0.861988024723874,1.05144384230045,0.0443439760087687
"29","M2b_non_ALC_high_need_vs_non_ALC_community_return","Region","northeast","central","Equity-seeking/comparison",2562,8611,1179,3640,0.460187353629977,0.422715131808152,0.872171901994227,0.881878134940899,0.988993680008494,0.857112313258917,0.850569770169748,1.00769195346299,0.0296175665708181,0.0287791175196642,1.02913393889097,0.887394044064565,0.866152177540464,1.02452440468882,0.0212418665241012
"30","M2b_non_ALC_high_need_vs_non_ALC_community_return","Region","northwest","central","Equity-seeking/comparison",776,8611,324,3640,0.417525773195876,0.422715131808152,0.863460067737354,0.881878134940899,0.979114951971477,0.829777778736614,0.850569770169748,0.975555219380787,0.0422149590345448,0.0287791175196642,1.46686078910169,0.867362182137881,0.879183482446757,0.986554228389304,0.0118213003088756
"31","M2b_non_ALC_high_need_vs_non_ALC_community_return","Rurality","Y","N","Equity-seeking/comparison",6757,36738,3143,16799,0.465147254698831,0.457264957264957,0.86958642293439,0.881720400862729,0.98623829286873,0.853800657553313,0.867829491077442,0.983834573878433,0.0277235415798412,0.0242034734019868,1.1454364883664,0.88235385823676,0.868923915115642,1.01545583322946,0.0134299431211179
"32","M2b_non_ALC_high_need_vs_non_ALC_community_return","Residential_Instability","1","0","Equity-seeking/comparison",15927,27568,7761,12181,0.487285741194199,0.441852872896111,0.882561904898053,0.877867719190825,1.00534725859558,0.881572527457423,0.855072213826063,1.03099190127204,0.0223080172462712,0.0261144235140237,0.8542412293456,0.891924306171404,0.867396623099983,1.02827735596175,0.0245276830714211
"33","M2b_non_ALC_high_need_vs_non_ALC_community_return","Ethnic_minority","1","0","Equity-seeking/comparison",7458,36037,3508,16434,0.470367390721373,0.456031301162694,0.879334252269677,0.879958225914002,0.999290905379426,0.869057405640925,0.865054842932906,1.00462694676611,0.021141846386491,0.0258677359060458,0.81730563754324,0.882723951858298,0.876432234499948,1.00717878360777,0.00629171735834988
