"model","positive_class","threshold","n","auc","recall","precision","specificity","accuracy","f1","tp","fp","fn","tn","predicted_positive_n","predicted_positive_pct"
"Model 1: ALC-related vs non-ALC","ALC-related",0.05,61869,0.8588,0.9973,0.3485,0.2123,0.4455,0.5165,18324,34259,50,9236,52583,84.99
"Model 1: ALC-related vs non-ALC","ALC-related",0.06,61869,0.8588,0.9962,0.3545,0.2338,0.4602,0.5229,18304,33325,70,10170,51629,83.45
"Model 1: ALC-related vs non-ALC","ALC-related",0.07,61869,0.8588,0.9953,0.3604,0.254,0.4741,0.5292,18287,32449,87,11046,50736,82.01
"Model 1: ALC-related vs non-ALC","ALC-related",0.08,61869,0.8588,0.9939,0.3658,0.2719,0.4864,0.5347,18262,31667,112,11828,49929,80.7
"Model 1: ALC-related vs non-ALC","ALC-related",0.09,61869,0.8588,0.9924,0.3711,0.2894,0.4982,0.5401,18234,30907,140,12588,49141,79.43
"Model 1: ALC-related vs non-ALC","ALC-related",0.1,61869,0.8588,0.9905,0.3763,0.3064,0.5096,0.5454,18199,30167,175,13328,48366,78.17
"Model 1: ALC-related vs non-ALC","ALC-related",0.11,61869,0.8588,0.9884,0.3815,0.3231,0.5207,0.5505,18160,29441,214,14054,47601,76.94
"Model 1: ALC-related vs non-ALC","ALC-related",0.12,61869,0.8588,0.9861,0.3862,0.3379,0.5304,0.555,18119,28798,255,14697,46917,75.83
"Model 1: ALC-related vs non-ALC","ALC-related",0.13,61869,0.8588,0.9836,0.391,0.3528,0.5401,0.5596,18073,28151,301,15344,46224,74.71
"Model 1: ALC-related vs non-ALC","ALC-related",0.14,61869,0.8588,0.9812,0.3955,0.3666,0.5491,0.5638,18029,27551,345,15944,45580,73.67
"Model 1: ALC-related vs non-ALC","ALC-related",0.15,61869,0.8588,0.9791,0.4006,0.3811,0.5587,0.5686,17990,26919,384,16576,44909,72.59
"Model 1: ALC-related vs non-ALC","ALC-related",0.16,61869,0.8588,0.9769,0.4055,0.395,0.5678,0.5731,17950,26315,424,17180,44265,71.55
"Model 1: ALC-related vs non-ALC","ALC-related",0.17,61869,0.8588,0.9739,0.4106,0.4095,0.5771,0.5777,17894,25682,480,17813,43576,70.43
"Model 1: ALC-related vs non-ALC","ALC-related",0.18,61869,0.8588,0.9715,0.4157,0.4231,0.5859,0.5822,17851,25094,523,18401,42945,69.41
"Model 1: ALC-related vs non-ALC","ALC-related",0.19,61869,0.8588,0.9687,0.4206,0.4362,0.5944,0.5865,17799,24522,575,18973,42321,68.4
"Model 1: ALC-related vs non-ALC","ALC-related",0.2,61869,0.8588,0.9648,0.4254,0.4495,0.6025,0.5904,17727,23946,647,19549,41673,67.36
"Model 1: ALC-related vs non-ALC","ALC-related",0.21,61869,0.8588,0.9614,0.4298,0.4613,0.6098,0.594,17664,23432,710,20063,41096,66.42
"Model 1: ALC-related vs non-ALC","ALC-related",0.22,61869,0.8588,0.9578,0.4345,0.4734,0.6172,0.5978,17598,22906,776,20589,40504,65.47
"Model 1: ALC-related vs non-ALC","ALC-related",0.23,61869,0.8588,0.9544,0.4391,0.4851,0.6244,0.6015,17536,22397,838,21098,39933,64.54
"Model 1: ALC-related vs non-ALC","ALC-related",0.24,61869,0.8588,0.9507,0.4437,0.4966,0.6314,0.6051,17468,21897,906,21598,39365,63.63
"Model 1: ALC-related vs non-ALC","ALC-related",0.25,61869,0.8588,0.9466,0.4484,0.5081,0.6383,0.6086,17393,21394,981,22101,38787,62.69
"Model 1: ALC-related vs non-ALC","ALC-related",0.26,61869,0.8588,0.9418,0.4527,0.519,0.6445,0.6115,17305,20923,1069,22572,38228,61.79
"Model 1: ALC-related vs non-ALC","ALC-related",0.27,61869,0.8588,0.9385,0.4577,0.5302,0.6515,0.6153,17244,20434,1130,23061,37678,60.9
"Model 1: ALC-related vs non-ALC","ALC-related",0.28,61869,0.8588,0.9339,0.4621,0.5408,0.6575,0.6183,17160,19975,1214,23520,37135,60.02
"Model 1: ALC-related vs non-ALC","ALC-related",0.29,61869,0.8588,0.9291,0.4669,0.5519,0.6639,0.6215,17072,19490,1302,24005,36562,59.1
"Model 1: ALC-related vs non-ALC","ALC-related",0.3,61869,0.8588,0.9251,0.4722,0.5632,0.6707,0.6252,16998,19000,1376,24495,35998,58.18
"Model 1: ALC-related vs non-ALC","ALC-related",0.31,61869,0.8588,0.9203,0.4773,0.5743,0.677,0.6286,16909,18516,1465,24979,35425,57.26
"Model 1: ALC-related vs non-ALC","ALC-related",0.32,61869,0.8588,0.9152,0.4822,0.5848,0.6829,0.6316,16816,18060,1558,25435,34876,56.37
"Model 1: ALC-related vs non-ALC","ALC-related",0.33,61869,0.8588,0.9105,0.4873,0.5953,0.6889,0.6348,16730,17604,1644,25891,34334,55.49
"Model 1: ALC-related vs non-ALC","ALC-related",0.34,61869,0.8588,0.9048,0.4925,0.6061,0.6948,0.6378,16625,17132,1749,26363,33757,54.56
"Model 1: ALC-related vs non-ALC","ALC-related",0.35,61869,0.8588,0.8993,0.4975,0.6163,0.7003,0.6406,16523,16690,1851,26805,33213,53.68
"Model 1: ALC-related vs non-ALC","ALC-related",0.36,61869,0.8588,0.8933,0.5018,0.6254,0.705,0.6427,16414,16293,1960,27202,32707,52.86
"Model 1: ALC-related vs non-ALC","ALC-related",0.37,61869,0.8588,0.8874,0.5063,0.6345,0.7096,0.6448,16305,15898,2069,27597,32203,52.05
"Model 1: ALC-related vs non-ALC","ALC-related",0.38,61869,0.8588,0.8822,0.5117,0.6444,0.715,0.6477,16210,15468,2164,28027,31678,51.2
"Model 1: ALC-related vs non-ALC","ALC-related",0.39,61869,0.8588,0.8764,0.5169,0.654,0.7201,0.6503,16103,15048,2271,28447,31151,50.35
"Model 1: ALC-related vs non-ALC","ALC-related",0.4,61869,0.8588,0.8695,0.5214,0.6628,0.7242,0.6519,15977,14667,2397,28828,30644,49.53
"Model 1: ALC-related vs non-ALC","ALC-related",0.41,61869,0.8588,0.8623,0.526,0.6718,0.7284,0.6534,15844,14276,2530,29219,30120,48.68
"Model 1: ALC-related vs non-ALC","ALC-related",0.42,61869,0.8588,0.8563,0.5311,0.6806,0.7328,0.6556,15734,13893,2640,29602,29627,47.89
"Model 1: ALC-related vs non-ALC","ALC-related",0.43,61869,0.8588,0.8492,0.5362,0.6897,0.7371,0.6574,15603,13495,2771,30000,29098,47.03
"Model 1: ALC-related vs non-ALC","ALC-related",0.44,61869,0.8588,0.8428,0.5421,0.6993,0.7419,0.6598,15485,13079,2889,30416,28564,46.17
"Model 1: ALC-related vs non-ALC","ALC-related",0.45,61869,0.8588,0.8345,0.5472,0.7083,0.7458,0.661,15333,12686,3041,30809,28019,45.29
"Model 1: ALC-related vs non-ALC","ALC-related",0.46,61869,0.8588,0.8276,0.5525,0.7168,0.7497,0.6626,15206,12318,3168,31177,27524,44.49
"Model 1: ALC-related vs non-ALC","ALC-related",0.47,61869,0.8588,0.8203,0.5568,0.7242,0.7528,0.6634,15072,11995,3302,31500,27067,43.75
"Model 1: ALC-related vs non-ALC","ALC-related",0.48,61869,0.8588,0.8126,0.5623,0.7328,0.7565,0.6646,14930,11624,3444,31871,26554,42.92
"Model 1: ALC-related vs non-ALC","ALC-related",0.49,61869,0.8588,0.805,0.5682,0.7415,0.7604,0.6662,14791,11242,3583,32253,26033,42.08
"Model 1: ALC-related vs non-ALC","ALC-related",0.5,61869,0.8588,0.7979,0.5745,0.7503,0.7645,0.668,14660,10859,3714,32636,25519,41.25
"Model 1: ALC-related vs non-ALC","ALC-related",0.51,61869,0.8588,0.7895,0.5795,0.758,0.7673,0.6684,14506,10527,3868,32968,25033,40.46
"Model 1: ALC-related vs non-ALC","ALC-related",0.52,61869,0.8588,0.7797,0.584,0.7653,0.7696,0.6678,14327,10207,4047,33288,24534,39.65
"Model 1: ALC-related vs non-ALC","ALC-related",0.53,61869,0.8588,0.7701,0.5889,0.7729,0.7721,0.6675,14150,9876,4224,33619,24026,38.83
"Model 1: ALC-related vs non-ALC","ALC-related",0.54,61869,0.8588,0.7612,0.5947,0.7808,0.775,0.6677,13987,9533,4387,33962,23520,38.02
"Model 1: ALC-related vs non-ALC","ALC-related",0.55,61869,0.8588,0.7528,0.6003,0.7883,0.7778,0.668,13832,9208,4542,34287,23040,37.24
"Model 1: ALC-related vs non-ALC","ALC-related",0.56,61869,0.8588,0.7429,0.6057,0.7957,0.78,0.6673,13650,8887,4724,34608,22537,36.43
"Model 1: ALC-related vs non-ALC","ALC-related",0.57,61869,0.8588,0.7332,0.6113,0.8031,0.7823,0.6667,13471,8564,4903,34931,22035,35.62
"Model 1: ALC-related vs non-ALC","ALC-related",0.58,61869,0.8588,0.7243,0.6172,0.8102,0.7847,0.6665,13308,8254,5066,35241,21562,34.85
"Model 1: ALC-related vs non-ALC","ALC-related",0.59,61869,0.8588,0.7133,0.6237,0.8182,0.7871,0.6655,13106,7906,5268,35589,21012,33.96
"Model 1: ALC-related vs non-ALC","ALC-related",0.6,61869,0.8588,0.7007,0.6289,0.8254,0.7883,0.6629,12875,7596,5499,35899,20471,33.09
"Model 1: ALC-related vs non-ALC","ALC-related",0.61,61869,0.8588,0.6918,0.636,0.8327,0.7909,0.6628,12712,7275,5662,36220,19987,32.31
"Model 1: ALC-related vs non-ALC","ALC-related",0.62,61869,0.8588,0.6803,0.6422,0.8399,0.7925,0.6607,12500,6965,5874,36530,19465,31.46
"Model 1: ALC-related vs non-ALC","ALC-related",0.63,61869,0.8588,0.6694,0.6489,0.847,0.7943,0.659,12300,6654,6074,36841,18954,30.64
"Model 1: ALC-related vs non-ALC","ALC-related",0.64,61869,0.8588,0.6558,0.6544,0.8537,0.7949,0.6551,12049,6362,6325,37133,18411,29.76
"Model 1: ALC-related vs non-ALC","ALC-related",0.65,61869,0.8588,0.6429,0.6601,0.8602,0.7956,0.6514,11813,6082,6561,37413,17895,28.92
"Model 1: ALC-related vs non-ALC","ALC-related",0.66,61869,0.8588,0.6296,0.6677,0.8676,0.7969,0.6481,11569,5758,6805,37737,17327,28.01
"Model 1: ALC-related vs non-ALC","ALC-related",0.67,61869,0.8588,0.6162,0.6746,0.8744,0.7978,0.6441,11322,5461,7052,38034,16783,27.13
"Model 1: ALC-related vs non-ALC","ALC-related",0.68,61869,0.8588,0.6023,0.6825,0.8816,0.7987,0.6399,11066,5149,7308,38346,16215,26.21
"Model 1: ALC-related vs non-ALC","ALC-related",0.69,61869,0.8588,0.5874,0.6893,0.8882,0.7988,0.6343,10793,4864,7581,38631,15657,25.31
"Model 1: ALC-related vs non-ALC","ALC-related",0.7,61869,0.8588,0.5737,0.6985,0.8954,0.7999,0.63,10541,4549,7833,38946,15090,24.39
"Model 1: ALC-related vs non-ALC","ALC-related",0.71,61869,0.8588,0.5606,0.7068,0.9018,0.8004,0.6252,10300,4273,8074,39222,14573,23.55
"Model 1: ALC-related vs non-ALC","ALC-related",0.72,61869,0.8588,0.5461,0.7159,0.9084,0.8008,0.6196,10034,3982,8340,39513,14016,22.65
"Model 1: ALC-related vs non-ALC","ALC-related",0.73,61869,0.8588,0.5301,0.7235,0.9144,0.8003,0.6119,9740,3723,8634,39772,13463,21.76
"Model 1: ALC-related vs non-ALC","ALC-related",0.74,61869,0.8588,0.5137,0.7319,0.9205,0.7997,0.6037,9438,3457,8936,40038,12895,20.84
"Model 1: ALC-related vs non-ALC","ALC-related",0.75,61869,0.8588,0.4976,0.7418,0.9268,0.7994,0.5956,9143,3183,9231,40312,12326,19.92
"Model 1: ALC-related vs non-ALC","ALC-related",0.76,61869,0.8588,0.4801,0.7498,0.9323,0.798,0.5854,8821,2943,9553,40552,11764,19.01
"Model 1: ALC-related vs non-ALC","ALC-related",0.77,61869,0.8588,0.461,0.7589,0.9381,0.7964,0.5736,8470,2691,9904,40804,11161,18.04
"Model 1: ALC-related vs non-ALC","ALC-related",0.78,61869,0.8588,0.4414,0.7676,0.9435,0.7944,0.5605,8111,2456,10263,41039,10567,17.08
"Model 1: ALC-related vs non-ALC","ALC-related",0.79,61869,0.8588,0.4223,0.7778,0.949,0.7926,0.5474,7760,2217,10614,41278,9977,16.13
"Model 1: ALC-related vs non-ALC","ALC-related",0.8,61869,0.8588,0.4011,0.7846,0.9535,0.7894,0.5308,7370,2023,11004,41472,9393,15.18
"Model 1: ALC-related vs non-ALC","ALC-related",0.81,61869,0.8588,0.3802,0.795,0.9586,0.7868,0.5144,6985,1801,11389,41694,8786,14.2
"Model 1: ALC-related vs non-ALC","ALC-related",0.82,61869,0.8588,0.3591,0.8027,0.9627,0.7835,0.4963,6599,1622,11775,41873,8221,13.29
"Model 1: ALC-related vs non-ALC","ALC-related",0.83,61869,0.8588,0.3387,0.8122,0.9669,0.7804,0.4781,6224,1439,12150,42056,7663,12.39
"Model 1: ALC-related vs non-ALC","ALC-related",0.84,61869,0.8588,0.3175,0.8247,0.9715,0.7773,0.4584,5833,1240,12541,42255,7073,11.43
"Model 1: ALC-related vs non-ALC","ALC-related",0.85,61869,0.8588,0.2956,0.8342,0.9752,0.7734,0.4366,5432,1080,12942,42415,6512,10.53
"Model 1: ALC-related vs non-ALC","ALC-related",0.86,61869,0.8588,0.2714,0.8407,0.9783,0.7683,0.4103,4986,945,13388,42550,5931,9.59
"Model 1: ALC-related vs non-ALC","ALC-related",0.87,61869,0.8588,0.2482,0.8523,0.9818,0.764,0.3844,4560,790,13814,42705,5350,8.65
"Model 1: ALC-related vs non-ALC","ALC-related",0.88,61869,0.8588,0.2268,0.8658,0.9851,0.7599,0.3595,4168,646,14206,42849,4814,7.78
"Model 1: ALC-related vs non-ALC","ALC-related",0.89,61869,0.8588,0.2023,0.8779,0.9881,0.7547,0.3288,3717,517,14657,42978,4234,6.84
"Model 1: ALC-related vs non-ALC","ALC-related",0.9,61869,0.8588,0.1775,0.89,0.9907,0.7492,0.2959,3261,403,15113,43092,3664,5.92
"Model 1: ALC-related vs non-ALC","ALC-related",0.91,61869,0.8588,0.1507,0.9002,0.9929,0.7428,0.2582,2769,307,15605,43188,3076,4.97
"Model 1: ALC-related vs non-ALC","ALC-related",0.92,61869,0.8588,0.1267,0.9147,0.995,0.7371,0.2226,2328,217,16046,43278,2545,4.11
"Model 1: ALC-related vs non-ALC","ALC-related",0.93,61869,0.8588,0.1055,0.922,0.9962,0.7317,0.1893,1938,164,16436,43331,2102,3.4
"Model 1: ALC-related vs non-ALC","ALC-related",0.94,61869,0.8588,0.0811,0.9301,0.9974,0.7253,0.1492,1490,112,16884,43383,1602,2.59
"Model 1: ALC-related vs non-ALC","ALC-related",0.95,61869,0.8588,0.0643,0.9456,0.9984,0.721,0.1204,1181,68,17193,43427,1249,2.02
"Model 2A: ALC high-need vs ALC community-return","ALC high-need",0.05,18374,0.6699,1,0.5958,3e-04,0.5958,0.7467,10946,7426,0,2,18372,99.99
"Model 2A: ALC high-need vs ALC community-return","ALC high-need",0.06,18374,0.6699,1,0.5958,4e-04,0.5959,0.7467,10946,7425,0,3,18371,99.98
"Model 2A: ALC high-need vs ALC community-return","ALC high-need",0.07,18374,0.6699,1,0.596,9e-04,0.5961,0.7468,10946,7421,0,7,18367,99.96
"Model 2A: ALC high-need vs ALC community-return","ALC high-need",0.08,18374,0.6699,1,0.5961,0.0013,0.5963,0.7469,10946,7418,0,10,18364,99.95
"Model 2A: ALC high-need vs ALC community-return","ALC high-need",0.09,18374,0.6699,0.9998,0.5962,0.0022,0.5965,0.747,10944,7412,2,16,18356,99.9
"Model 2A: ALC high-need vs ALC community-return","ALC high-need",0.1,18374,0.6699,0.9998,0.5964,0.0028,0.5968,0.7471,10944,7407,2,21,18351,99.87
"Model 2A: ALC high-need vs ALC community-return","ALC high-need",0.11,18374,0.6699,0.9998,0.5966,0.0036,0.5971,0.7473,10944,7401,2,27,18345,99.84
"Model 2A: ALC high-need vs ALC community-return","ALC high-need",0.12,18374,0.6699,0.9998,0.5968,0.0047,0.5975,0.7475,10944,7393,2,35,18337,99.8
"Model 2A: ALC high-need vs ALC community-return","ALC high-need",0.13,18374,0.6699,0.9998,0.597,0.0055,0.5979,0.7476,10944,7387,2,41,18331,99.77
"Model 2A: ALC high-need vs ALC community-return","ALC high-need",0.14,18374,0.6699,0.9996,0.5971,0.0062,0.598,0.7477,10942,7382,4,46,18324,99.73
"Model 2A: ALC high-need vs ALC community-return","ALC high-need",0.15,18374,0.6699,0.9996,0.5975,0.0075,0.5986,0.7479,10942,7372,4,56,18314,99.67
"Model 2A: ALC high-need vs ALC community-return","ALC high-need",0.16,18374,0.6699,0.9995,0.5981,0.0101,0.5995,0.7484,10941,7353,5,75,18294,99.56
"Model 2A: ALC high-need vs ALC community-return","ALC high-need",0.17,18374,0.6699,0.9994,0.5985,0.0121,0.6003,0.7487,10939,7338,7,90,18277,99.47
"Model 2A: ALC high-need vs ALC community-return","ALC high-need",0.18,18374,0.6699,0.9989,0.5991,0.0151,0.6012,0.749,10934,7316,12,112,18250,99.33
"Model 2A: ALC high-need vs ALC community-return","ALC high-need",0.19,18374,0.6699,0.9984,0.5997,0.0179,0.602,0.7493,10928,7295,18,133,18223,99.18
"Model 2A: ALC high-need vs ALC community-return","ALC high-need",0.2,18374,0.6699,0.9978,0.6004,0.0215,0.6031,0.7497,10922,7268,24,160,18190,99
"Model 2A: ALC high-need vs ALC community-return","ALC high-need",0.21,18374,0.6699,0.9969,0.6013,0.0258,0.6043,0.7501,10912,7236,34,192,18148,98.77
"Model 2A: ALC high-need vs ALC community-return","ALC high-need",0.22,18374,0.6699,0.9959,0.6023,0.0308,0.6057,0.7506,10901,7199,45,229,18100,98.51
"Model 2A: ALC high-need vs ALC community-return","ALC high-need",0.23,18374,0.6699,0.9945,0.6033,0.0365,0.6072,0.751,10886,7157,60,271,18043,98.2
"Model 2A: ALC high-need vs ALC community-return","ALC high-need",0.24,18374,0.6699,0.9926,0.6045,0.0429,0.6087,0.7514,10865,7109,81,319,17974,97.82
"Model 2A: ALC high-need vs ALC community-return","ALC high-need",0.25,18374,0.6699,0.9896,0.6058,0.051,0.6102,0.7515,10832,7049,114,379,17881,97.32
"Model 2A: ALC high-need vs ALC community-return","ALC high-need",0.26,18374,0.6699,0.9868,0.6077,0.0611,0.6126,0.7522,10802,6974,144,454,17776,96.75
"Model 2A: ALC high-need vs ALC community-return","ALC high-need",0.27,18374,0.6699,0.9838,0.6098,0.0724,0.6154,0.7529,10769,6890,177,538,17659,96.11
"Model 2A: ALC high-need vs ALC community-return","ALC high-need",0.28,18374,0.6699,0.9792,0.6115,0.0833,0.617,0.7529,10718,6809,228,619,17527,95.39
"Model 2A: ALC high-need vs ALC community-return","ALC high-need",0.29,18374,0.6699,0.9742,0.6145,0.0994,0.6206,0.7536,10664,6690,282,738,17354,94.45
"Model 2A: ALC high-need vs ALC community-return","ALC high-need",0.3,18374,0.6699,0.9683,0.618,0.1181,0.6246,0.7545,10599,6551,347,877,17150,93.34
"Model 2A: ALC high-need vs ALC community-return","ALC high-need",0.31,18374,0.6699,0.9607,0.6211,0.1365,0.6275,0.7545,10516,6414,430,1014,16930,92.14
"Model 2A: ALC high-need vs ALC community-return","ALC high-need",0.32,18374,0.6699,0.9514,0.6241,0.1555,0.6296,0.7537,10414,6273,532,1155,16687,90.82
"Model 2A: ALC high-need vs ALC community-return","ALC high-need",0.33,18374,0.6699,0.9415,0.6278,0.1773,0.6326,0.7533,10306,6111,640,1317,16417,89.35
"Model 2A: ALC high-need vs ALC community-return","ALC high-need",0.34,18374,0.6699,0.9297,0.6308,0.198,0.6339,0.7516,10176,5957,770,1471,16133,87.8
"Model 2A: ALC high-need vs ALC community-return","ALC high-need",0.35,18374,0.6699,0.9171,0.6345,0.2216,0.636,0.7501,10039,5782,907,1646,15821,86.11
"Model 2A: ALC high-need vs ALC community-return","ALC high-need",0.36,18374,0.6699,0.9043,0.6379,0.2435,0.6372,0.7481,9898,5619,1048,1809,15517,84.45
"Model 2A: ALC high-need vs ALC community-return","ALC high-need",0.37,18374,0.6699,0.8906,0.6416,0.267,0.6385,0.7459,9749,5445,1197,1983,15194,82.69
"Model 2A: ALC high-need vs ALC community-return","ALC high-need",0.38,18374,0.6699,0.8745,0.6463,0.2948,0.6401,0.7433,9572,5238,1374,2190,14810,80.6
"Model 2A: ALC high-need vs ALC community-return","ALC high-need",0.39,18374,0.6699,0.8589,0.6513,0.3224,0.642,0.7409,9402,5033,1544,2395,14435,78.56
"Model 2A: ALC high-need vs ALC community-return","ALC high-need",0.4,18374,0.6699,0.8392,0.655,0.3485,0.6409,0.7357,9186,4839,1760,2589,14025,76.33
"Model 2A: ALC high-need vs ALC community-return","ALC high-need",0.41,18374,0.6699,0.8171,0.6596,0.3787,0.6399,0.73,8944,4615,2002,2813,13559,73.79
"Model 2A: ALC high-need vs ALC community-return","ALC high-need",0.42,18374,0.6699,0.7974,0.6646,0.407,0.6395,0.7249,8728,4405,2218,3023,13133,71.48
"Model 2A: ALC high-need vs ALC community-return","ALC high-need",0.43,18374,0.6699,0.7758,0.6689,0.4342,0.6377,0.7184,8492,4203,2454,3225,12695,69.09
"Model 2A: ALC high-need vs ALC community-return","ALC high-need",0.44,18374,0.6699,0.7543,0.6726,0.4588,0.6349,0.7111,8257,4020,2689,3408,12277,66.82
"Model 2A: ALC high-need vs ALC community-return","ALC high-need",0.45,18374,0.6699,0.7278,0.6774,0.4892,0.6313,0.7017,7966,3794,2980,3634,11760,64
"Model 2A: ALC high-need vs ALC community-return","ALC high-need",0.46,18374,0.6699,0.703,0.681,0.5148,0.6269,0.6918,7695,3604,3251,3824,11299,61.49
"Model 2A: ALC high-need vs ALC community-return","ALC high-need",0.47,18374,0.6699,0.679,0.6865,0.5431,0.624,0.6827,7432,3394,3514,4034,10826,58.92
"Model 2A: ALC high-need vs ALC community-return","ALC high-need",0.48,18374,0.6699,0.6535,0.6927,0.5727,0.6208,0.6725,7153,3174,3793,4254,10327,56.2
"Model 2A: ALC high-need vs ALC community-return","ALC high-need",0.49,18374,0.6699,0.6271,0.6978,0.5998,0.616,0.6605,6864,2973,4082,4455,9837,53.54
"Model 2A: ALC high-need vs ALC community-return","ALC high-need",0.5,18374,0.6699,0.6,0.7038,0.6279,0.6113,0.6478,6568,2764,4378,4664,9332,50.79
"Model 2A: ALC high-need vs ALC community-return","ALC high-need",0.51,18374,0.6699,0.575,0.7102,0.6543,0.6071,0.6355,6294,2568,4652,4860,8862,48.23
"Model 2A: ALC high-need vs ALC community-return","ALC high-need",0.52,18374,0.6699,0.5526,0.718,0.6801,0.6042,0.6245,6049,2376,4897,5052,8425,45.85
"Model 2A: ALC high-need vs ALC community-return","ALC high-need",0.53,18374,0.6699,0.5259,0.7243,0.705,0.5983,0.6093,5756,2191,5190,5237,7947,43.25
"Model 2A: ALC high-need vs ALC community-return","ALC high-need",0.54,18374,0.6699,0.4967,0.7316,0.7314,0.5916,0.5917,5437,1995,5509,5433,7432,40.45
"Model 2A: ALC high-need vs ALC community-return","ALC high-need",0.55,18374,0.6699,0.4691,0.7379,0.7544,0.5845,0.5736,5135,1824,5811,5604,6959,37.87
"Model 2A: ALC high-need vs ALC community-return","ALC high-need",0.56,18374,0.6699,0.445,0.7472,0.7781,0.5797,0.5578,4871,1648,6075,5780,6519,35.48
"Model 2A: ALC high-need vs ALC community-return","ALC high-need",0.57,18374,0.6699,0.4209,0.7549,0.7986,0.5736,0.5404,4607,1496,6339,5932,6103,33.22
"Model 2A: ALC high-need vs ALC community-return","ALC high-need",0.58,18374,0.6699,0.3959,0.7613,0.817,0.5662,0.5209,4334,1359,6612,6069,5693,30.98
"Model 2A: ALC high-need vs ALC community-return","ALC high-need",0.59,18374,0.6699,0.3718,0.7719,0.838,0.5603,0.5019,4070,1203,6876,6225,5273,28.7
"Model 2A: ALC high-need vs ALC community-return","ALC high-need",0.6,18374,0.6699,0.3481,0.7788,0.8543,0.5527,0.4811,3810,1082,7136,6346,4892,26.62
"Model 2A: ALC high-need vs ALC community-return","ALC high-need",0.61,18374,0.6699,0.3268,0.7907,0.8725,0.5474,0.4624,3577,947,7369,6481,4524,24.62
"Model 2A: ALC high-need vs ALC community-return","ALC high-need",0.62,18374,0.6699,0.3042,0.7963,0.8853,0.5391,0.4402,3330,852,7616,6576,4182,22.76
"Model 2A: ALC high-need vs ALC community-return","ALC high-need",0.63,18374,0.6699,0.2809,0.8041,0.8992,0.5309,0.4164,3075,749,7871,6679,3824,20.81
"Model 2A: ALC high-need vs ALC community-return","ALC high-need",0.64,18374,0.6699,0.2592,0.8117,0.9114,0.5229,0.3929,2837,658,8109,6770,3495,19.02
"Model 2A: ALC high-need vs ALC community-return","ALC high-need",0.65,18374,0.6699,0.2379,0.8222,0.9242,0.5153,0.369,2604,563,8342,6865,3167,17.24
"Model 2A: ALC high-need vs ALC community-return","ALC high-need",0.66,18374,0.6699,0.2185,0.8294,0.9338,0.5077,0.3459,2392,492,8554,6936,2884,15.7
"Model 2A: ALC high-need vs ALC community-return","ALC high-need",0.67,18374,0.6699,0.2003,0.8361,0.9421,0.5002,0.3232,2193,430,8753,6998,2623,14.28
"Model 2A: ALC high-need vs ALC community-return","ALC high-need",0.68,18374,0.6699,0.1811,0.8427,0.9502,0.492,0.2981,1982,370,8964,7058,2352,12.8
"Model 2A: ALC high-need vs ALC community-return","ALC high-need",0.69,18374,0.6699,0.1644,0.8523,0.958,0.4853,0.2757,1800,312,9146,7116,2112,11.49
"Model 2A: ALC high-need vs ALC community-return","ALC high-need",0.7,18374,0.6699,0.1494,0.8587,0.9638,0.4786,0.2545,1635,269,9311,7159,1904,10.36
"Model 2A: ALC high-need vs ALC community-return","ALC high-need",0.71,18374,0.6699,0.135,0.8664,0.9693,0.4723,0.2336,1478,228,9468,7200,1706,9.28
"Model 2A: ALC high-need vs ALC community-return","ALC high-need",0.72,18374,0.6699,0.1197,0.8763,0.9751,0.4655,0.2106,1310,185,9636,7243,1495,8.14
"Model 2A: ALC high-need vs ALC community-return","ALC high-need",0.73,18374,0.6699,0.1074,0.8822,0.9789,0.4597,0.1915,1176,157,9770,7271,1333,7.25
"Model 2A: ALC high-need vs ALC community-return","ALC high-need",0.74,18374,0.6699,0.0957,0.8888,0.9824,0.4541,0.1727,1047,131,9899,7297,1178,6.41
"Model 2A: ALC high-need vs ALC community-return","ALC high-need",0.75,18374,0.6699,0.0848,0.894,0.9852,0.4488,0.1549,928,110,10018,7318,1038,5.65
"Model 2A: ALC high-need vs ALC community-return","ALC high-need",0.76,18374,0.6699,0.0762,0.9026,0.9879,0.4448,0.1405,834,90,10112,7338,924,5.03
"Model 2A: ALC high-need vs ALC community-return","ALC high-need",0.77,18374,0.6699,0.0663,0.9167,0.9911,0.4402,0.1237,726,66,10220,7362,792,4.31
"Model 2A: ALC high-need vs ALC community-return","ALC high-need",0.78,18374,0.6699,0.0586,0.929,0.9934,0.4365,0.1102,641,49,10305,7379,690,3.76
"Model 2A: ALC high-need vs ALC community-return","ALC high-need",0.79,18374,0.6699,0.0521,0.9329,0.9945,0.4331,0.0986,570,41,10376,7387,611,3.33
"Model 2A: ALC high-need vs ALC community-return","ALC high-need",0.8,18374,0.6699,0.0468,0.9499,0.9964,0.4307,0.0892,512,27,10434,7401,539,2.93
"Model 2A: ALC high-need vs ALC community-return","ALC high-need",0.81,18374,0.6699,0.041,0.9574,0.9973,0.4276,0.0787,449,20,10497,7408,469,2.55
"Model 2A: ALC high-need vs ALC community-return","ALC high-need",0.82,18374,0.6699,0.0359,0.9728,0.9985,0.4251,0.0693,393,11,10553,7417,404,2.2
"Model 2A: ALC high-need vs ALC community-return","ALC high-need",0.83,18374,0.6699,0.0326,0.9754,0.9988,0.4232,0.0631,357,9,10589,7419,366,1.99
"Model 2A: ALC high-need vs ALC community-return","ALC high-need",0.84,18374,0.6699,0.0279,0.9807,0.9992,0.4205,0.0542,305,6,10641,7422,311,1.69
"Model 2A: ALC high-need vs ALC community-return","ALC high-need",0.85,18374,0.6699,0.0256,0.9894,0.9996,0.4193,0.0499,280,3,10666,7425,283,1.54
"Model 2A: ALC high-need vs ALC community-return","ALC high-need",0.86,18374,0.6699,0.0232,0.9961,0.9999,0.418,0.0454,254,1,10692,7427,255,1.39
"Model 2A: ALC high-need vs ALC community-return","ALC high-need",0.87,18374,0.6699,0.0207,0.9956,0.9999,0.4166,0.0406,227,1,10719,7427,228,1.24
"Model 2A: ALC high-need vs ALC community-return","ALC high-need",0.88,18374,0.6699,0.0194,1,1,0.4158,0.038,212,0,10734,7428,212,1.15
"Model 2A: ALC high-need vs ALC community-return","ALC high-need",0.89,18374,0.6699,0.0184,1,1,0.4152,0.0361,201,0,10745,7428,201,1.09
"Model 2A: ALC high-need vs ALC community-return","ALC high-need",0.9,18374,0.6699,0.0174,1,1,0.4146,0.0341,190,0,10756,7428,190,1.03
"Model 2A: ALC high-need vs ALC community-return","ALC high-need",0.91,18374,0.6699,0.0164,1,1,0.4141,0.0324,180,0,10766,7428,180,0.98
"Model 2A: ALC high-need vs ALC community-return","ALC high-need",0.92,18374,0.6699,0.0154,1,1,0.4135,0.0304,169,0,10777,7428,169,0.92
"Model 2A: ALC high-need vs ALC community-return","ALC high-need",0.93,18374,0.6699,0.0143,1,1,0.4128,0.0281,156,0,10790,7428,156,0.85
"Model 2A: ALC high-need vs ALC community-return","ALC high-need",0.94,18374,0.6699,0.0123,1,1,0.4116,0.0244,135,0,10811,7428,135,0.73
"Model 2A: ALC high-need vs ALC community-return","ALC high-need",0.95,18374,0.6699,0.01,1,1,0.4103,0.0199,110,0,10836,7428,110,0.6
"Model 2B: Non-ALC high-need vs Non-ALC community-oriented","Non-ALC high-need",0.05,43495,0.8799,0.998,0.5315,0.2551,0.5957,0.6936,19902,17545,40,6008,37447,86.09
"Model 2B: Non-ALC high-need vs Non-ALC community-oriented","Non-ALC high-need",0.06,43495,0.8799,0.997,0.5379,0.275,0.606,0.6988,19882,17077,60,6476,36959,84.97
"Model 2B: Non-ALC high-need vs Non-ALC community-oriented","Non-ALC high-need",0.07,43495,0.8799,0.996,0.5444,0.2943,0.616,0.704,19862,16621,80,6932,36483,83.88
"Model 2B: Non-ALC high-need vs Non-ALC community-oriented","Non-ALC high-need",0.08,43495,0.8799,0.9951,0.5501,0.311,0.6247,0.7086,19845,16228,97,7325,36073,82.94
"Model 2B: Non-ALC high-need vs Non-ALC community-oriented","Non-ALC high-need",0.09,43495,0.8799,0.9933,0.556,0.3285,0.6333,0.713,19808,15815,134,7738,35623,81.9
"Model 2B: Non-ALC high-need vs Non-ALC community-oriented","Non-ALC high-need",0.1,43495,0.8799,0.9921,0.5609,0.3424,0.6403,0.7167,19785,15488,157,8065,35273,81.1
"Model 2B: Non-ALC high-need vs Non-ALC community-oriented","Non-ALC high-need",0.11,43495,0.8799,0.9909,0.5667,0.3586,0.6485,0.7211,19760,15106,182,8447,34866,80.16
"Model 2B: Non-ALC high-need vs Non-ALC community-oriented","Non-ALC high-need",0.12,43495,0.8799,0.9892,0.5712,0.3713,0.6546,0.7242,19727,14807,215,8746,34534,79.4
"Model 2B: Non-ALC high-need vs Non-ALC community-oriented","Non-ALC high-need",0.13,43495,0.8799,0.9872,0.5767,0.3866,0.662,0.7281,19687,14448,255,9105,34135,78.48
"Model 2B: Non-ALC high-need vs Non-ALC community-oriented","Non-ALC high-need",0.14,43495,0.8799,0.9849,0.5812,0.3991,0.6677,0.731,19641,14153,301,9400,33794,77.7
"Model 2B: Non-ALC high-need vs Non-ALC community-oriented","Non-ALC high-need",0.15,43495,0.8799,0.9824,0.5863,0.4131,0.6741,0.7344,19592,13824,350,9729,33416,76.83
"Model 2B: Non-ALC high-need vs Non-ALC community-oriented","Non-ALC high-need",0.16,43495,0.8799,0.98,0.5912,0.4261,0.6801,0.7375,19543,13516,399,10037,33059,76.01
"Model 2B: Non-ALC high-need vs Non-ALC community-oriented","Non-ALC high-need",0.17,43495,0.8799,0.9779,0.5959,0.4385,0.6858,0.7406,19502,13224,440,10329,32726,75.24
"Model 2B: Non-ALC high-need vs Non-ALC community-oriented","Non-ALC high-need",0.18,43495,0.8799,0.9754,0.6009,0.4515,0.6917,0.7437,19451,12918,491,10635,32369,74.42
"Model 2B: Non-ALC high-need vs Non-ALC community-oriented","Non-ALC high-need",0.19,43495,0.8799,0.9719,0.6053,0.4634,0.6965,0.746,19381,12639,561,10914,32020,73.62
"Model 2B: Non-ALC high-need vs Non-ALC community-oriented","Non-ALC high-need",0.2,43495,0.8799,0.9694,0.6099,0.4749,0.7016,0.7487,19332,12367,610,11186,31699,72.88
"Model 2B: Non-ALC high-need vs Non-ALC community-oriented","Non-ALC high-need",0.21,43495,0.8799,0.967,0.6145,0.4864,0.7067,0.7515,19284,12097,658,11456,31381,72.15
"Model 2B: Non-ALC high-need vs Non-ALC community-oriented","Non-ALC high-need",0.22,43495,0.8799,0.9643,0.6195,0.4984,0.712,0.7543,19231,11814,711,11739,31045,71.38
"Model 2B: Non-ALC high-need vs Non-ALC community-oriented","Non-ALC high-need",0.23,43495,0.8799,0.9612,0.6235,0.5085,0.7161,0.7563,19168,11576,774,11977,30744,70.68
"Model 2B: Non-ALC high-need vs Non-ALC community-oriented","Non-ALC high-need",0.24,43495,0.8799,0.957,0.6276,0.5193,0.7199,0.7581,19084,11323,858,12230,30407,69.91
"Model 2B: Non-ALC high-need vs Non-ALC community-oriented","Non-ALC high-need",0.25,43495,0.8799,0.9536,0.6315,0.5289,0.7236,0.7598,19016,11095,926,12458,30111,69.23
"Model 2B: Non-ALC high-need vs Non-ALC community-oriented","Non-ALC high-need",0.26,43495,0.8799,0.95,0.6362,0.54,0.728,0.762,18944,10834,998,12719,29778,68.46
"Model 2B: Non-ALC high-need vs Non-ALC community-oriented","Non-ALC high-need",0.27,43495,0.8799,0.946,0.6409,0.5511,0.7322,0.7641,18866,10572,1076,12981,29438,67.68
"Model 2B: Non-ALC high-need vs Non-ALC community-oriented","Non-ALC high-need",0.28,43495,0.8799,0.9431,0.6456,0.5616,0.7365,0.7665,18807,10326,1135,13227,29133,66.98
"Model 2B: Non-ALC high-need vs Non-ALC community-oriented","Non-ALC high-need",0.29,43495,0.8799,0.939,0.6502,0.5722,0.7404,0.7684,18726,10075,1216,13478,28801,66.22
"Model 2B: Non-ALC high-need vs Non-ALC community-oriented","Non-ALC high-need",0.3,43495,0.8799,0.9349,0.6546,0.5823,0.7439,0.77,18643,9838,1299,13715,28481,65.48
"Model 2B: Non-ALC high-need vs Non-ALC community-oriented","Non-ALC high-need",0.31,43495,0.8799,0.9306,0.6593,0.5929,0.7477,0.7718,18559,9589,1383,13964,28148,64.72
"Model 2B: Non-ALC high-need vs Non-ALC community-oriented","Non-ALC high-need",0.32,43495,0.8799,0.9258,0.6634,0.6022,0.7506,0.7729,18463,9369,1479,14184,27832,63.99
"Model 2B: Non-ALC high-need vs Non-ALC community-oriented","Non-ALC high-need",0.33,43495,0.8799,0.9216,0.6676,0.6114,0.7536,0.7743,18379,9153,1563,14400,27532,63.3
"Model 2B: Non-ALC high-need vs Non-ALC community-oriented","Non-ALC high-need",0.34,43495,0.8799,0.9167,0.6719,0.6209,0.7565,0.7754,18280,8928,1662,14625,27208,62.55
"Model 2B: Non-ALC high-need vs Non-ALC community-oriented","Non-ALC high-need",0.35,43495,0.8799,0.9123,0.676,0.6298,0.7593,0.7766,18193,8720,1749,14833,26913,61.88
"Model 2B: Non-ALC high-need vs Non-ALC community-oriented","Non-ALC high-need",0.36,43495,0.8799,0.9074,0.6804,0.6391,0.7621,0.7777,18095,8500,1847,15053,26595,61.14
"Model 2B: Non-ALC high-need vs Non-ALC community-oriented","Non-ALC high-need",0.37,43495,0.8799,0.9017,0.684,0.6473,0.7639,0.7779,17982,8308,1960,15245,26290,60.44
"Model 2B: Non-ALC high-need vs Non-ALC community-oriented","Non-ALC high-need",0.38,43495,0.8799,0.8953,0.6885,0.657,0.7663,0.7784,17855,8079,2087,15474,25934,59.63
"Model 2B: Non-ALC high-need vs Non-ALC community-oriented","Non-ALC high-need",0.39,43495,0.8799,0.8893,0.6926,0.6659,0.7683,0.7787,17734,7870,2208,15683,25604,58.87
"Model 2B: Non-ALC high-need vs Non-ALC community-oriented","Non-ALC high-need",0.4,43495,0.8799,0.8827,0.6967,0.6746,0.77,0.7787,17603,7664,2339,15889,25267,58.09
"Model 2B: Non-ALC high-need vs Non-ALC community-oriented","Non-ALC high-need",0.41,43495,0.8799,0.8758,0.7012,0.6839,0.7719,0.7788,17465,7444,2477,16109,24909,57.27
"Model 2B: Non-ALC high-need vs Non-ALC community-oriented","Non-ALC high-need",0.42,43495,0.8799,0.8676,0.7052,0.6929,0.773,0.778,17302,7233,2640,16320,24535,56.41
"Model 2B: Non-ALC high-need vs Non-ALC community-oriented","Non-ALC high-need",0.43,43495,0.8799,0.8587,0.71,0.703,0.7744,0.7773,17125,6995,2817,16558,24120,55.45
"Model 2B: Non-ALC high-need vs Non-ALC community-oriented","Non-ALC high-need",0.44,43495,0.8799,0.8504,0.7145,0.7124,0.7757,0.7766,16959,6775,2983,16778,23734,54.57
"Model 2B: Non-ALC high-need vs Non-ALC community-oriented","Non-ALC high-need",0.45,43495,0.8799,0.8428,0.7196,0.7219,0.7773,0.7763,16808,6551,3134,17002,23359,53.71
"Model 2B: Non-ALC high-need vs Non-ALC community-oriented","Non-ALC high-need",0.46,43495,0.8799,0.8356,0.7252,0.7319,0.7794,0.7765,16663,6314,3279,17239,22977,52.83
"Model 2B: Non-ALC high-need vs Non-ALC community-oriented","Non-ALC high-need",0.47,43495,0.8799,0.8277,0.7295,0.7402,0.7803,0.7755,16505,6119,3437,17434,22624,52.02
"Model 2B: Non-ALC high-need vs Non-ALC community-oriented","Non-ALC high-need",0.48,43495,0.8799,0.8181,0.7343,0.7493,0.7809,0.7739,16315,5904,3627,17649,22219,51.08
"Model 2B: Non-ALC high-need vs Non-ALC community-oriented","Non-ALC high-need",0.49,43495,0.8799,0.8104,0.7403,0.7594,0.7827,0.7738,16160,5668,3782,17885,21828,50.19
"Model 2B: Non-ALC high-need vs Non-ALC community-oriented","Non-ALC high-need",0.5,43495,0.8799,0.8008,0.745,0.7679,0.783,0.7719,15970,5467,3972,18086,21437,49.29
"Model 2B: Non-ALC high-need vs Non-ALC community-oriented","Non-ALC high-need",0.51,43495,0.8799,0.791,0.7503,0.7771,0.7835,0.7702,15775,5249,4167,18304,21024,48.34
"Model 2B: Non-ALC high-need vs Non-ALC community-oriented","Non-ALC high-need",0.52,43495,0.8799,0.7825,0.7551,0.7851,0.7839,0.7685,15605,5062,4337,18491,20667,47.52
"Model 2B: Non-ALC high-need vs Non-ALC community-oriented","Non-ALC high-need",0.53,43495,0.8799,0.7738,0.7609,0.7942,0.7848,0.7673,15432,4848,4510,18705,20280,46.63
"Model 2B: Non-ALC high-need vs Non-ALC community-oriented","Non-ALC high-need",0.54,43495,0.8799,0.7629,0.7669,0.8037,0.785,0.7649,15213,4623,4729,18930,19836,45.61
"Model 2B: Non-ALC high-need vs Non-ALC community-oriented","Non-ALC high-need",0.55,43495,0.8799,0.7532,0.7731,0.8128,0.7855,0.763,15021,4408,4921,19145,19429,44.67
"Model 2B: Non-ALC high-need vs Non-ALC community-oriented","Non-ALC high-need",0.56,43495,0.8799,0.7438,0.778,0.8203,0.7852,0.7605,14832,4233,5110,19320,19065,43.83
"Model 2B: Non-ALC high-need vs Non-ALC community-oriented","Non-ALC high-need",0.57,43495,0.8799,0.7323,0.784,0.8292,0.7847,0.7572,14603,4024,5339,19529,18627,42.83
"Model 2B: Non-ALC high-need vs Non-ALC community-oriented","Non-ALC high-need",0.58,43495,0.8799,0.7205,0.7898,0.8376,0.784,0.7536,14369,3824,5573,19729,18193,41.83
"Model 2B: Non-ALC high-need vs Non-ALC community-oriented","Non-ALC high-need",0.59,43495,0.8799,0.7082,0.795,0.8454,0.7825,0.7491,14122,3642,5820,19911,17764,40.84
"Model 2B: Non-ALC high-need vs Non-ALC community-oriented","Non-ALC high-need",0.6,43495,0.8799,0.6961,0.8007,0.8534,0.7812,0.7447,13881,3454,6061,20099,17335,39.86
"Model 2B: Non-ALC high-need vs Non-ALC community-oriented","Non-ALC high-need",0.61,43495,0.8799,0.6839,0.806,0.8606,0.7796,0.74,13639,3283,6303,20270,16922,38.91
"Model 2B: Non-ALC high-need vs Non-ALC community-oriented","Non-ALC high-need",0.62,43495,0.8799,0.6714,0.8124,0.8687,0.7783,0.7352,13390,3092,6552,20461,16482,37.89
"Model 2B: Non-ALC high-need vs Non-ALC community-oriented","Non-ALC high-need",0.63,43495,0.8799,0.6584,0.8184,0.8763,0.7764,0.7297,13130,2913,6812,20640,16043,36.88
"Model 2B: Non-ALC high-need vs Non-ALC community-oriented","Non-ALC high-need",0.64,43495,0.8799,0.6455,0.8248,0.8839,0.7746,0.7242,12873,2734,7069,20819,15607,35.88
"Model 2B: Non-ALC high-need vs Non-ALC community-oriented","Non-ALC high-need",0.65,43495,0.8799,0.6321,0.8302,0.8905,0.7721,0.7178,12606,2578,7336,20975,15184,34.91
"Model 2B: Non-ALC high-need vs Non-ALC community-oriented","Non-ALC high-need",0.66,43495,0.8799,0.6185,0.8369,0.898,0.7698,0.7113,12334,2403,7608,21150,14737,33.88
"Model 2B: Non-ALC high-need vs Non-ALC community-oriented","Non-ALC high-need",0.67,43495,0.8799,0.603,0.8425,0.9046,0.7663,0.7029,12025,2248,7917,21305,14273,32.82
"Model 2B: Non-ALC high-need vs Non-ALC community-oriented","Non-ALC high-need",0.68,43495,0.8799,0.59,0.8494,0.9114,0.764,0.6963,11765,2086,8177,21467,13851,31.85
"Model 2B: Non-ALC high-need vs Non-ALC community-oriented","Non-ALC high-need",0.69,43495,0.8799,0.5754,0.8547,0.9172,0.7605,0.6878,11475,1951,8467,21602,13426,30.87
"Model 2B: Non-ALC high-need vs Non-ALC community-oriented","Non-ALC high-need",0.7,43495,0.8799,0.5615,0.861,0.9232,0.7574,0.6797,11197,1808,8745,21745,13005,29.9
"Model 2B: Non-ALC high-need vs Non-ALC community-oriented","Non-ALC high-need",0.71,43495,0.8799,0.5477,0.8684,0.9297,0.7546,0.6717,10922,1655,9020,21898,12577,28.92
"Model 2B: Non-ALC high-need vs Non-ALC community-oriented","Non-ALC high-need",0.72,43495,0.8799,0.5339,0.8752,0.9355,0.7514,0.6633,10648,1518,9294,22035,12166,27.97
"Model 2B: Non-ALC high-need vs Non-ALC community-oriented","Non-ALC high-need",0.73,43495,0.8799,0.52,0.8815,0.9408,0.7479,0.6541,10369,1394,9573,22159,11763,27.04
"Model 2B: Non-ALC high-need vs Non-ALC community-oriented","Non-ALC high-need",0.74,43495,0.8799,0.505,0.8886,0.9464,0.744,0.644,10071,1263,9871,22290,11334,26.06
"Model 2B: Non-ALC high-need vs Non-ALC community-oriented","Non-ALC high-need",0.75,43495,0.8799,0.492,0.895,0.9511,0.7406,0.635,9812,1151,10130,22402,10963,25.21
"Model 2B: Non-ALC high-need vs Non-ALC community-oriented","Non-ALC high-need",0.76,43495,0.8799,0.4792,0.9005,0.9552,0.737,0.6256,9557,1056,10385,22497,10613,24.4
"Model 2B: Non-ALC high-need vs Non-ALC community-oriented","Non-ALC high-need",0.77,43495,0.8799,0.4665,0.9079,0.9599,0.7337,0.6163,9303,944,10639,22609,10247,23.56
"Model 2B: Non-ALC high-need vs Non-ALC community-oriented","Non-ALC high-need",0.78,43495,0.8799,0.4535,0.9133,0.9636,0.7297,0.606,9043,858,10899,22695,9901,22.76
"Model 2B: Non-ALC high-need vs Non-ALC community-oriented","Non-ALC high-need",0.79,43495,0.8799,0.4404,0.9205,0.9678,0.726,0.5958,8783,759,11159,22794,9542,21.94
"Model 2B: Non-ALC high-need vs Non-ALC community-oriented","Non-ALC high-need",0.8,43495,0.8799,0.4293,0.9264,0.9711,0.7227,0.5867,8561,680,11381,22873,9241,21.25
"Model 2B: Non-ALC high-need vs Non-ALC community-oriented","Non-ALC high-need",0.81,43495,0.8799,0.4186,0.9315,0.9739,0.7193,0.5776,8347,614,11595,22939,8961,20.6
"Model 2B: Non-ALC high-need vs Non-ALC community-oriented","Non-ALC high-need",0.82,43495,0.8799,0.407,0.9369,0.9768,0.7156,0.5675,8117,547,11825,23006,8664,19.92
"Model 2B: Non-ALC high-need vs Non-ALC community-oriented","Non-ALC high-need",0.83,43495,0.8799,0.3972,0.9413,0.979,0.7122,0.5586,7920,494,12022,23059,8414,19.34
"Model 2B: Non-ALC high-need vs Non-ALC community-oriented","Non-ALC high-need",0.84,43495,0.8799,0.3864,0.9466,0.9815,0.7087,0.5488,7706,435,12236,23118,8141,18.72
"Model 2B: Non-ALC high-need vs Non-ALC community-oriented","Non-ALC high-need",0.85,43495,0.8799,0.3761,0.9499,0.9832,0.7049,0.5389,7501,396,12441,23157,7897,18.16
"Model 2B: Non-ALC high-need vs Non-ALC community-oriented","Non-ALC high-need",0.86,43495,0.8799,0.3666,0.9529,0.9847,0.7013,0.5295,7311,361,12631,23192,7672,17.64
"Model 2B: Non-ALC high-need vs Non-ALC community-oriented","Non-ALC high-need",0.87,43495,0.8799,0.3575,0.9565,0.9862,0.698,0.5205,7130,324,12812,23229,7454,17.14
"Model 2B: Non-ALC high-need vs Non-ALC community-oriented","Non-ALC high-need",0.88,43495,0.8799,0.3474,0.9596,0.9876,0.6941,0.5101,6928,292,13014,23261,7220,16.6
"Model 2B: Non-ALC high-need vs Non-ALC community-oriented","Non-ALC high-need",0.89,43495,0.8799,0.3379,0.9638,0.9893,0.6906,0.5004,6739,253,13203,23300,6992,16.08
"Model 2B: Non-ALC high-need vs Non-ALC community-oriented","Non-ALC high-need",0.9,43495,0.8799,0.3293,0.9682,0.9908,0.6875,0.4914,6567,216,13375,23337,6783,15.59
"Model 2B: Non-ALC high-need vs Non-ALC community-oriented","Non-ALC high-need",0.91,43495,0.8799,0.3191,0.9704,0.9918,0.6833,0.4802,6363,194,13579,23359,6557,15.08
"Model 2B: Non-ALC high-need vs Non-ALC community-oriented","Non-ALC high-need",0.92,43495,0.8799,0.3074,0.9746,0.9932,0.6788,0.4674,6131,160,13811,23393,6291,14.46
"Model 2B: Non-ALC high-need vs Non-ALC community-oriented","Non-ALC high-need",0.93,43495,0.8799,0.2942,0.9793,0.9947,0.6735,0.4525,5867,124,14075,23429,5991,13.77
"Model 2B: Non-ALC high-need vs Non-ALC community-oriented","Non-ALC high-need",0.94,43495,0.8799,0.2777,0.9812,0.9955,0.6664,0.4328,5537,106,14405,23447,5643,12.97
"Model 2B: Non-ALC high-need vs Non-ALC community-oriented","Non-ALC high-need",0.95,43495,0.8799,0.2567,0.9842,0.9965,0.6573,0.4072,5119,82,14823,23471,5201,11.96
